agent,games,wins,losses,win_rate,average_reward,average_episode_length,average_safe_cells_revealed,average_runtime,training_episodes,training_wins,training_losses,q_table_size,replay_buffer_size,network_parameters
RandomAgent,100,26,74,0.26,-115.12,4.24,15.89,0.002041759490966797,0,,,,,
RuleBasedAgent,100,57,43,0.57,71.48,5.06,16.35,0.0021498441696166993,0,,,,,
ProbabilityAgent,100,78,22,0.78,202.7,5.51,19.29,0.0024396204948425293,0,,,,,
RLAgent,100,86,14,0.86,254.92,6.61,21.23,0.002515852451324463,50000,31347,18653,26178,,
DQNAgent,100,68,32,0.68,143.5,4.95,19.87,0.0021062731742858888,50000,27185,22815,,10000,29721
