agent,games,wins,losses,win_rate,average_reward,average_episode_length,average_safe_cells_revealed,average_runtime,training_episodes,training_wins,training_losses,q_table_size,replay_buffer_size,network_parameters
RandomAgent,100,23,77,0.23,-35.84,4.18,16.44,0.0020789527893066407,0,,,,,
RuleBasedAgent,100,61,39,0.61,42.94,5.43,17.72,0.0025094485282897948,0,,,,,
ProbabilityAgent,100,68,32,0.68,54.89,5.11,16.9,0.00229250431060791,0,,,,,
RLAgent,100,81,19,0.81,85.58,5.67,20.71,0.0021373510360717775,50000,33114,16886,24342,,
DQNAgent,100,73,27,0.73,68.57,5.22,20.13,0.0026654052734375,50000,27934,22066,,10000,29721
